moniker,Account
alfonova,evmos1wtd5rzsrjhpuazy62t4e4l0f8rqslqwwyefuu6
deadsea,evmos1ywepkvmzve08f0cey8ryavn4ge6mlpjdl5uswx
hendrazlk,evmos1svsnepnc2thgvrxgyrxt5ekhuj3py2u62j6x83
Boboboy,evmos14njh2wd9zt7jtavz3s93xqckap32vxkk6sxz46
FFServer,evmos14amdmygc4r3qchuul7yd0s0jlgyn0qydhrfrp9
tobeoren,evmos1tmuv254dhq68q3jsjazf6nw2at47t227zsp2gs
Indonode.dev,evmos15s5wmuhh77fsnfrulz4s9g3pd7wfsp2mdsqf0e
point-xnet-triton,evmos1q5epklz4azh3sf6jywsd86x25rxldg0ptrn2n5
Bang_Pateng,evmos1j3cj7tg3talk6dah5glsnnl7df096n66hch2sk
Michramsey,evmos1rmhy6emhkrmr53mrye7y42ggc3h2xn6pktamrf
RinshimattaNODE,evmos1xsptmerjanu30wlmjp04xma04v3fqvdnt863qv
pinrockets,evmos1ug2kt9pxkxvlyrzd9gcdcmdludfxpmv8u5e88z
ebnu,evmos1s08xjwe8h5rdmw56p68xx93mpq5gqur4utrxg9
Gaskeun,evmos10y2gj5umzsmc4tl6kq5yvnvqcxqe7raqmjdy64
bendzamin,evmos1c26saaaapugdxqaanr8dmenvg8yl55sgq0nuu6
ZxSenpai,evmos1yhqj7tqp4gs048zgtmgscpjxft3kxprkmmjya2
ismaonezain,evmos1aaatyhtfa2wrade88sn67ltu9v2r9f7w5f7xzr
0XFANI,evmos1c6ukyy6wtrl65n8488cvn5zq5c66llhsgyz9qh
Ramona,evmos180h7f96qs6l5ma5gy4gqmqe5nw5lmwykx9r3aj
blacktokyo,evmos1ev03gwq25aazalhvxd9uxx8ssa7qc9rmyxadaj
Agung_Ganteng,evmos18xzmq8rm5a3wryeflygq6kncpda8v9xtfc7nss
ZACKY,evmos1jrjksujhanz3t028uk8edyun4l8rhld5kmpgzk
irondude,evmos1p20hvl2xfr2fyueuhsmqfthgxsl2yphhppdcp0
herznode,evmos15d73ye50nwk8v8yxyjugtp8sktnss4063m4apw
Hankhoir,evmos1lxa675ufwqer2cf426cm62earkl8w9zje6m8ts
P-OPS Team,evmos10w02hm23zy08w7ycx70xtn7j59yfjl8k55u465
LiverPoint,evmos1zvfm700xl99qkcnkearvlfgk9lrg4hqu022u4e
bimo,evmos1ue04yw4hpuhyw0m8s7zsa4qvheusqgqh6jjpcz
lulzech,evmos1fuf5pnmcn7wvldnx5jld0nfun8pfjpk8jq34dj
DOUBLELIFT,evmos18gxrmlkudhp3eg4yffqve7kprga5axzpaw0fz3
Invalid,evmos1pxj8suwchn94sy3cjyulug4nhuxjegak5zpz5n
eevaleeth,evmos1yhxcrap704d0n26l8u9yygu95mqrep7knzmrdr
ZAKIAOPA,evmos1jmsrm922tp07097pklrx9q7wuwh3kpz74k2q4z
Bangyan,evmos1rrtgehnm48d54d7dk5n4v82555x36rr43hq0nt
DiElektra | MMS,evmos1p2ggylxalrxupu8pvpmgjylkqw83fux7mgesqx
Looser,evmos17y0cynu3m3jaxerf0menlnk0l0drd3rrrphjdu
validatorkey,evmos157zfjh6yn5lp0ewazmg5p64z7atsepzs85n4r2
Dhuty,evmos1n08jykym5vd9vqq8wamf2v7cqzxsehwugcsh8m
Deznuts,evmos169hzpczr9gvk8fh6umgh2ndkxwd3qvtnz3t3vm
stylepatrick,evmos15w9mmc3a3346nflqhjthsnzt0ljxzycsl69pfl
0xde12.eth,evmos1ljyhzsn5f0g60hkyr77a80f70ak43acl8wgl80
meowment,evmos14xtgjlq4t8rem9a6rl8wa3lj62cms0nlwu5xzy
DEXCHANGE,evmos1e3dx6u7narpq6puuzaguwnumtcuyu93ltsvluy
IlhamV7,evmos1xt8wzhtmwle9kt23dxff0k55m6pg4efhkw5eph
TheWinter,evmos1rzmcfmfgaaet2fvam97rhswak6cnce7m8uj5r8
üëã 79anvi üçÄ,evmos19d3wd5edrm0pp620nn9secdnhf0ldlsmtv4f3l
Baygon,evmos1cywraleyjk5dlflkmlxxfwd2k988rqmnvt3x2k
MPS,evmos134u46hyauc7tqz8u6jq964kdpl05lpjazhtxeg
Broker_node,evmos1gj369qs2c3xnjthdkq275t6sujwh8fwg7hl0g2
abandoned,evmos1kzeh6hpmfa8rux9h8hcs0qgysqwlv7jjxulk5l
Sange_And_Yasha,evmos1pedneyh6txmx9pa0txuup4tc3ae5nzc47pq2sp
Knight,evmos1gc8czdq6ef964v72a3mjl55fz3560dr44gyq3r
Vault Staking,evmos12g28ynkz0cm075lfj7kgh3d2aad4z5q6unafgs
<myvalidator>,evmos1j6l2uglfsrkaycmxrnuuxcfxc4v2fy3scg2mvm
MASUKAN-NAMA-VALIDATOR,evmos19e0ed37vzc64v9mm8lc48xw4k48dk4w35m2e4n
Verified,evmos1cnc89njp84h38mldkarnh208gmc72srl7wsjuc
Dokebi,evmos164w0upu2kjf38mtp5wmh66hf57y7lsufkpt4xk
khuntul,evmos1jexxcafkrureznyjnjzld4ls66ahjakstxuguu
Wilzeelbub,evmos16rxvq2k7na5wptty4xscyyp09qhtq5z6aynhuz
randi,evmos1qxd909mnlq4ew4c9q2pxzvj5pvtj490w3aef0h
dwpoint,evmos1gv3mqp2m7ksts8g5hkgdgrjw78ujucch9kcemg
dendyro,evmos1sylfdzeeerjuuutazt8exccem205mkgytskyf9
franco,evmos1swdjladrmc6w7kmutfm6au25acscnnnr4cvg57
Dake,evmos1nh2etm0yq3tyv5pf0jwytzqcaf5caq6a4fuhhp
Ligah,evmos1nmy3fwtj4up5z3jplpnr3jv39yug2s6tt9d2x6
MASUKAN-NAMA-VALIDATOR,evmos15dtn6ad22pstwrkh4kp7h02wpcwhr3mprzeztk
Raps,evmos1eegar7nhds55r4q4t68le3v9cksjz02s6qpe9r
kennode,evmos1eedqnsft025u0hm4qylrl4qemm3d4m3m9h4acx
point-xnet-triton,evmos1el5eunddmnev85rxdeaj8laqwe435nyy4gn08p
siuppi,evmos1jdaktdm3asycfu33rcr892tmwug246t36tf3cx
ossidator,evmos1c93luflpafzuqle6u742f5dwjnn2ut4yq5rytc
tongki,evmos1r5l7nt5tcnx0kdjsew09r43a46cqldcdvparlj
monokorobo,evmos1z3qeccf22wtkgzlsgnv6m8gruwawy2k3gpd89p
yosapat,evmos1r5fnta05ghh6kjmq7vtcjy72avg60cr9snc9py
oirt1999,evmos1w52nu0lkv34w3uyuj40lpvn86s6cgjvqu2jhxc
nananninda,evmos1wm7qrmy82quvuq322xv0ql4xtau28q45fdvgpt
bangjago,evmos14uzy6km0gkdtakh3cpvuvjr979yxwvhuc5qavq
rama,evmos1kja476ny8vjcp782cqqhaczvyjgld7xgd609rt
andixmb,evmos1uqmqladv8cazw6t04crjc9q2rpl5rsevxew7zf
tayan,evmos17rxud5nh2aqly58cmpdl0y323dsckqzh4m2emr
rikka,evmos1v8fhqlwu7h8cpf4ng4uyscsdyc4x3h27es02x9
AminiVanPoint,evmos1yavqyhqp8srpqz3sfrcxszundksl2et64u9qls
CryptoFather,evmos1pddxepc0mkrrjn69qr5rq58z5ltjjjn54rs7gz
konsortech,evmos1ja06n7544yc7wycf4gz0xwn0w3lt5vcu7cmjzw
cuanfrog,evmos1s20q9xv48yzlt76twy8kjxjtvwp5h0ajq5u4nl
LoadedMonk,evmos1xq494wfzafhra0xz34yt9macy740k9d49u37jn
tsuee,evmos1hzyv3kxcesr9a5apfq0p7lp0umekwrfs8gqg3f
CosmosArmy,evmos1ltc28ayef2egp8g8hpqu06l338746ssyjxjrhv
SaninLegend,evmos1e24pruydx903f4a4jdf4l9e8msjjdjnuyahn9q
Ade12,evmos17vjfrp62c6sn7a2ur6tpx2gmrgk3mrsn2ehrqj
<myvalidator>,evmos1s4ffxdqyw28ln74umzafpnze5p70q8xr4hzluc
vad1mb,evmos1vd79nylc8lmsk5cr35ue6vj77uam4fg985e473
<myvalidator>,evmos1cp2xk7a8txrkz5vf0l4mgc5qx7up8hlkfqq3cj
NEVERMIND,evmos10duyd7kfjg4jnv7lmvhrxzyaxqnvkmam78ekwx
phdchan,evmos1kxddjww8r8x7afmyd787ur72lmz2j5scc6zpmv
nomad,evmos1zx05tnu6xjz8l4vs0rss3phd5k3lgwqh4wslrw
jambulmerah | POINT,evmos1uy00mu6t4grmf2emcnrt798ads82429u4za0lq
suparid,evmos1me2hr67vrtrd3hrcmrljz4hq2vudcn6qcm4x6k
celenganaing,evmos1l235weqrqz2g58uyql2z0jykj4sakpr0rj9e6f
istiqomah,evmos10vl2809thzmrsjtrtd4ye3gfnjeuj3z9lnn9zn
mbethik,evmos1ggnkr2j2wwdcuatkyu9fy66jwelas3ralkszy6
vinjan,evmos13k0tz5m6x7rewjdc7j0ggcj74axsdjx665mkfx
NAKAL,evmos1qnpt8y9vnldkxt9leaw3kw2zk79yuujc7za99x
megumiiüíú,evmos14lsschfvurjhzsc732suwnrf5s8c70w729kg5l
metskuy,evmos1hqgwg9v5lluuqj6lpyak0wfneeatj5aaf59qr8
kopi99,evmos12l6djm698g7gswehngfur8k6jlaq45x6q4hshd
rambit0x,evmos1e0tq6kcsukpa6fr0sgfk29xvve5zqhlf2w2a2y
Heroesmarvel,evmos1dgj0w8guxwm759u896tf63ymeak9997cj64qwe
mawarchan,evmos19fj6u5nudl6xvhsy3v8q3q7ys6nm5ndua5lp82
MapleSyrup,evmos1rmgckg94mz0qyy6kcuw0jcjcj5scaukvjy8mq6
Xooxos,evmos1mhd0737k7mghzft4n8y2prrntmkvhl8d29lq7v
lulzechnode,evmos1ujg3trqk83hd24ku5fwjk9c49hlk032l6pw6yy
rendydev,evmos14hm0lwscssxhj8kc2skte5m725ls47wqg54z7l
blackswan1010,evmos18jnvffve9l2zyrlvd9ffemd4zm3yqxrhr3k4c0
uguryuksel2022,evmos1g3tsf9ew2ved099pwuxl5uz0feelvdlx904fjc
agung,evmos12a3cljplcxvqxsy24xfvxjtq5pr9hl9909ymer
johnpaulNODES,evmos1925m8f8catdrysj6cmf46f3xc90swuk4nzy7tg
assesddef,evmos19umapf6z0n28g6sttuc6saddt30fw6mcy9a8es
StakeBroker,evmos1ylj36axpu99p9aanetr4c9ltfhd97yymtz27qt
ItsLimin,evmos13av6ec3y67f803cevp06uutmn9wlepcpxwv7ee
lala_nebula,evmos17d4vf7kjfahgn2qat3qqucy70txhua3npqz2tu
kondenx,evmos1u7ln73m0erhepqfw9ata79qkpw7c3hrjgdsxn9
nodeswizard,evmos1pvgrn7hsd353k906p5ye5cgafyg30py4rxevvf
ameras,evmos15h92e0n3p0qeydsy6465h5uq5la3l5ysrjry23
ibrahim,evmos1kr8dsknlv29pz8sys74eukw6xcdpc9upgjk9a7
Sirius,evmos15x5ekzrd8tjdutha0d0mkztj7d2wass5ue7xgx
zulna,evmos152efm9rsrqvqew4kgduac9l8j9zu9w59r0akv2
0xknowledge,evmos1yw6zvukz9n3t90203gz53d8w0x8hdxjhqujjy9
ikbale,evmos1fw3j2huewdcrx2z5np9fmy4a90sl623hxhekwc
akagami,evmos1glp4qjfjk9nen443fzxuxf4j2d98u7cz47kwtc
alinustorvalt,evmos1fqkpccyupwg9mhtrlvladhpmqt5v88jgk6r0sr
jargoalv,evmos19x830j7mjd7hljkvfl4kn3ks0q952y9dj4s5f3
depil,evmos15xz523gfc7fyhrtk5ejt3l9qn2xwc6nfy7suuw
dhozil,evmos1rxfkken8vlm73jegpfd75kvjp34acd3s0gp7x6
CrackeD,evmos1v04l24s249u9fyr6pre2625kfwa783ngpcpdk9
nemesis,evmos1t9qhjdp6awr2le3j34dcav282kv4p8rmvrkmmu
<myvalidator>,evmos1m5s9pf97jk3z4yck43fhqephskxzfhq00d2exm
string=Avengers,evmos1ul2eevlyx47nyza50mcm5xr302qce9r9psy0d2
erikamin,evmos12a3h5yr9ff0a7wx9ppcv953rvg5k062cwl64cs
Chokee,evmos1mc8wnul4llsr44v68s3k89tv6cfcn86mvst30k
lintang23,evmos1dzp4tv5tyev9e6seu309pru6xlfju7ce247d58
OxRafy,evmos1w7klf5wl48ftc5zse6x5tj72yjf3p8q3kl29fv
validatorkey,evmos1dmyx67wmsx65q6wrkmt99pplpdys2e4mx9vtpp
wewe007,evmos12a2szp9s9rlt9c0vuycumwl00dvjzcqckj992t
0xBuntus,evmos1ff0u5gqsmvfqs6jwy958yct9kzwn29xtdfnjax
xsons,evmos1aqx9phal3f709czxtvxpv3jlr35gqldavfkreu
Node Warrior,evmos1lshu0nmugc2r3fhagm309la2x7hkvyap4td7zt
prampoint,evmos1c9slgjjkpsfkhc7um6dwgyjww35k80r46sxp6r
Nodeist,evmos10897kuz4pgwqxm48ev3p07m0smz3rnqec4p807
oxrafy2,evmos1mny9hejelzc6nluysksqaveudjnl8wj76r4dee
scryotic,evmos123tldpzlr3yrkln5qqzf00quz5a3jdt0adl38u
daus1,evmos1zhckrjmtd89ug4mah4ga8j2y5pxvld67um50mm
dinca,evmos103jp3fkxk3rmspvcm0tjxxwehm97yysq8vhkp7
saitamalord,evmos15t7hzwmh5w5xd4ryz94sm233k9mfc7jk8vjsat
kangrekt,evmos1lfpsx597edaeaee7m85mzzh28lpv26ftwd3r8v
mephisto,evmos1qav2lxszec42442qj0wgqhp0n5k9tfenwx9dwn
jambulmerah | POINT,evmos12hwfc63s4q6r6crukr7z2nslvvgznatuzkfk5d
kanceuh,evmos1hzm0te6pfqs86z7hf9ejl9gctgl6sqker3794y
<myvalidator>,evmos145q2ak9ys90ap3q65w2ta6dufa4mk8pxsa5val
pencarikh,evmos1vfzf5fn0kcy0apmzjku3863l6zenqf6w8azcg6
point-xnet-trito,evmos1vfh6t4cuhpw5zdzmcwgpghys6pha65t65dp2zp
<myvalidator>,evmos1wcmjmkmdafk6dsddm4h7r5gkyeazdxg4a4w2fm
guraa,evmos1az2vdk36upx3r692fymjcefzqaxe802yyjt9ck
<AYTEN>,evmos1qur7h3d90f0mdedvs7unv3tmqfv8eq0qsktdpz
HyukaNode,evmos1qqdtg54rywk2pjgcm9sc80e45md3uewzpn8zf2
dabbat,evmos1qkny3wtlusu7h5thegqtnf7k077xc3d0was569
dantecrz,evmos1pzx5qzng6rtdwzlz7v92f4ptd0fhfqjvu52rmn
point-xnet-triton,evmos1p6kjk55mh7e5w3m7zm4rekyxummp5jv9te9xvs
PointDAO,evmos1zzjqzetwx2fyw0ug3gu9wyrezpcyteps38arc5
MASUKAN-NAMA-VALIDATOR,evmos1zfz2t5z6tt24yyvxa078svqg6hlv8lhac9d5d9
HANDOKO,evmos1rsak5ma0gunvxd06jf8zt3pxf0vxgvauwgd4xc
ustad,evmos1rh0kyjljr4wjp20uyukk27dzuyns3ugjexre0y
Arsyanendragalih,evmos1yfwrvyrd9tp77c2el05nqrxcegyj7d4mh3deuu
0xde1998,evmos188q3pdledevecrk0f8nghludf4hdc0gqztldv0
Amo1020,evmos18ammdml38qsj8yhhccze6g60yvfjj3a0n34q7t
berliano,evmos18lx8rcyv9uzltpwaxcgx3ymcgjqe3f3sr4d9lz
<myvalidator>,evmos18lceh8cs7u9fkwepr7hxa632s46d3kfqux4r8s
namejay,evmos1g8plyqlq8hqjh0rxza77tdpa87ntzg2xkz5n4u
validatorkey,evmos1g23zt90wpvmhfee2za6k908c8djhfr0mn4sdyc
vikanren,evmos1gvwnmqz8nfm90dng5ap3p6q004qsvkgrwczvzq
gilangmr,evmos1futwwapv0tdzm739dzj7qf9dx6jvef4nuj9qy9
validatorkey,evmos12ekqh5ewrk4pz43yy2x5g8jkx8cyls9m32v8ml
Andri,evmos1tn2mh284wfcfxd2d7me8uv59q265mrmt8vvs6s
Beagle2,evmos1tkzmuwcj2slcwmfsu62pdg9yr4ghmrucva7vfq
aprame,evmos1v2zkplddsycf0md9uy963vw70m3t7c3f2s3lqy
Azxx,evmos1vl23phmvumgqexnup4qc38766hqkchzex9pkqh
ùôâùô§ùôôùôöùô®ùòΩùô°ùô§ùôòùô†ùô® ‚öõ,evmos1wpvjh7qr8f9nxzugcjtrka8q4wvaxvn02evztn
validatorkey,evmos1sv3q69rmepza96ycvup3ugtun2dxcd4y8ucf3v
wallet,evmos1scpnsm8840jzkuh4lnjxkrf6k3v94tkwh44jwt
elang,evmos13upmm36evdedccpm8rkxcpzkk2vusnz34tlnxc
iklil,evmos1ns69u5k02rq8rymy8kvr5pzxy28f8nndh8mak7
<myvalidator>,evmos155sth3mlqc2u7m82c4s3lj4du5s9ka2zmwsm20
tegar,evmos14txs30s40tw48lefqgk5gftn6q98d3sekc4sr5
fajarlis,evmos1kppvv2pvalrtzcwy26595l4pzxmuql9f3nv9wy
0xde12eth,evmos1k7md68e32e54yn0ushrygc9utkq42g6q6rnug4
nija,evmos1hdkhzu3c0h2826puptnd8rmqgfwy5qw44tsm65
peace,evmos1heq95xj794cwvdg43zphmjknlmamxhv2ylqhwd
yvalidator,evmos1h6pla28yrnjpa5frf9qfl889xgk2ye7ugfl0fj
panjenengan,evmos1e04g3f43z075ast3nvptmzq2raacsz5l8tlcst
<myvalidator>,evmos16d6du29w6zjq4qsg4uvg284amndr5ucdwz68x8
AHNesiaNews,evmos16hp6u9p6ykent56zt9gqehhc0utrd436rtturm
8corekt,evmos1myxvvl02jgnkklnp22ymeuppmnq95rg4g0f7c5
Heisenberg,evmos1mu5zu0rg0nhmys27n4zs8agu0wesxjdz09a9zy
point-xnet-triton,evmos1ujnlhla7zgd0pes4gd7rxrks4hq9p98ceq026w
Aceng,evmos1avqhnjz8dqppu7edgzkptyhy9vf8vc2j7540wg
<myvalidator>,evmos17q3z5l02ng77astx0w7u8arqqc82wuwpvcmqzj
kangrekt,evmos17pn4wavf70m6kfmdyg6hkj5v3dduugm20aulkn
SpadeNode,evmos17cfwqx3zqtw6mamka3ypn6l0rlyjwf6psuz08y
8COREKT,evmos17mr24xhqgtlwpj75fhc7m0ptxy8jj8jzkx5se3
metil,evmos1nqmzss5lywaja29x0alng6n7kyynk8t0m72a5k
Zexiz ID,evmos1l88h4lp0hwqfr67rend3wtr9lsd53xhuq758g6
SkyMatriX,evmos1534cjwxupar4syjlj9vxvdf8j93e883jra8pwd
androidmod179,evmos1k6g2gq2m00tvxjd7r22c0qvduac6dag75qp4z7
Rocknodes,evmos124vl5sqmq79f2g3ys4lqqw2ck6y333ut3yhlxl
semoggajjp,evmos1k267p3wwd25s6976zdfl73mr3zd555z49cqqcf
jiksaja,evmos14klw8yztpph9he8magmwxjx8vaxwaywfc3nnkj
brianvalidator,evmos1arflh3r9cm8amy3tdlhtu79ywhq7gpwd7wscg4
sweetapple,evmos1ntf7jrd68dkgg735edwwuzdaj0mpgzav5meye6
‚ÄúUPasian‚Äù,evmos1p78r9zgaesr9r8k7cu6jy6fx0akjkj8wc4r8c8
<myvalidator>,evmos1y4ldhps8l548z7f7mft9x4wh42asd44e7m4yzc
refangga,evmos195v6vd0z9lcw3d9yemu565t4gf8prnx4msrvty
SiPalingNode,evmos1xhptp5hljtqgxq2ryjvs6555rhsyt7fg29x4fv
Ramdani87,evmos1tkmslfldmjp2w07ay8x22c2xw4rzye0l032hzc
Mcdao,evmos1wfhutf7k5ystvnn5r85ra82kj22p5g0mp3palh
gsawan,evmos1s69zpl62yn5w909pt8zr5eazw4wv5e5padcqrz
NOSSY,evmos1j9rz5zm89js7jkpejz5n4z8zg2syhrh8rekh7g
meddunyaya,evmos1kze8tcmr6va0qjc7fuaarwyjg3ax65chmml2r3
jek_ael,evmos1kwjg990wz65p5cmnkps5hzta4g8rnedlasfp69
jadiduit,evmos1h5m7gs0vp0ka2vse38qjjec78aygy2nru2awkq
<myvalidator>,evmos1cz3s26sdznwslus4gtedvueqlz9z3vhr80pcm0
cosmic,evmos1c5k3s9vcac5gusn2zwgqx6cpsy6hhd3grpytmg
MASUKAN-NAMA-VALIDATOR,evmos1m8rr64ffx4xqgvq2vct3p52jhn9f9c58hknwd0
brianiac,evmos1azgfxpjqt42wnsvk3p89g95e9g0ydv79jmgwxt
hengky290,evmos1alcmzmwn7a58r2ulpagzgv4n0h4sh9hmmw9hqp
Fajrrmdhn,evmos17p2jek9y6ntxq3c03ntzqdxzxkcrp43wm2jdyc
Vivek,evmos1tpfhv3370g5xtk28gntafvervqt222qtgsdsnn
point-xnet-trito,evmos19gh72zkm392uggs337nr8rynysjevqqffkpprc
mymonikkerr,evmos1uzwfry3nlrsc36j88zlk0un6nfyn6rrzm0g2d7
AlexZ,evmos15mdsdu0pycvxgydhm0wa66cnddmnkfrv85wsqz
pilngemot,evmos1a5vf3lhxqxp2uenxnx3cu8k2zqdkzj5kefplzy
<myvalidator>,evmos15vc89s2r5qdeg8nhv44ea9r3wqg2w3dqavspet
ehroy,evmos1plq2y83tyw854gpdwl8xh5pxjp9pr2krwt6xww
cynnn,evmos1tnvsws5vv62f6w0gjl4tgu4ph4sx4s8l8fw97h